{"train rmse": 0.31689087051067855, "val rmse": 0.3710016608441752, "_timestamp": 1677149510.22933, "_runtime": 252.1431851387024, "_step": 0, "_wandb": {"runtime": 270}}