{"train rmse": 0.11982074525475374, "val rmse": 0.2456952225168532, "_timestamp": 1677151556.4417648, "_runtime": 423.36434984207153, "_step": 0, "_wandb": {"runtime": 2217}}