{"train rmse": 0.20849917400785892, "val rmse": 0.2877223952159665, "_timestamp": 1677148580.2516394, "_runtime": 164.15423345565796, "_step": 0, "_wandb": {"runtime": 174}}