{"training_rmse": {"min": 9.85271802975422}, "_timestamp": 1677153367.2498367, "valid_1_rmse": {"min": 9.845725381074875}, "iteration": 0, "_runtime": 5.37607479095459, "_step": 0}